"user/blocking","user/created_at","user/default_profile","user/default_profile_image","user/description","user/entities/url/urls/0/display_url","user/entities/url/urls/0/expanded_url","user/entities/url/urls/0/indices/0","user/entities/url/urls/0/indices/1","user/entities/url/urls/0/url","user/fast_followers_count","user/favourites_count","user/follow_request_sent","user/followed_by","user/followers_count","user/following","user/friends_count","user/has_custom_timelines","user/id","user/id_str","user/is_blue_verified","user/is_translator","user/listed_count","user/location","user/media_count","user/name","user/normal_followers_count","user/notifications","user/profile_banner_url","user/profile_image_url_https","user/protected","user/screen_name","user/show_all_inline_media","user/statuses_count","user/time_zone","user/translator_type","user/url","user/utc_offset","user/verified","user/verified_type","user/withheld_scope","location","full_text"
"false","Tue Jul 12 09:42:26 +0000 2011","false","false","President of The Republic of Kenya.","president.go.ke","http://www.president.go.ke","0","23","https://t.co/X1EgXc8I5w","0","144","false","false","6836355","false","271","false","0","333935142","true","false","1369","Kenya","13300","William Samoei Ruto, PhD","6836355","false","https://pbs.twimg.com/profile_banners/333935142/1663067807","https://pbs.twimg.com/profile_images/1569623053696483329/XYdHAoqK_normal.jpg","false","WilliamsRuto","false","18652","","none","https://t.co/X1EgXc8I5w","0","false","Government","","","The East African Community is pursuing initiatives to enhance people-to-people interaction of citizens from member States, including sport, music and dance, and cultural activities. 

These events and many others are the catalysts for a more inclusive and competitive regional… https://t.co/fS2iaQIzrd"
"false","Tue Jul 12 09:42:26 +0000 2011","false","false","President of The Republic of Kenya.","president.go.ke","http://www.president.go.ke","0","23","https://t.co/X1EgXc8I5w","0","144","false","false","6836355","false","271","false","0","333935142","true","false","1369","Kenya","13300","William Samoei Ruto, PhD","6836355","false","https://pbs.twimg.com/profile_banners/333935142/1663067807","https://pbs.twimg.com/profile_images/1569623053696483329/XYdHAoqK_normal.jpg","false","WilliamsRuto","false","18652","","none","https://t.co/X1EgXc8I5w","0","false","Government","","","EAC Inter - Parliamentary Games, Mombasa County. https://t.co/IIvMT4wu30"
"false","Tue Jul 12 09:42:26 +0000 2011","false","false","President of The Republic of Kenya.","president.go.ke","http://www.president.go.ke","0","23","https://t.co/X1EgXc8I5w","0","144","false","false","6836355","false","271","false","0","333935142","true","false","1369","Kenya","13300","William Samoei Ruto, PhD","6836355","false","https://pbs.twimg.com/profile_banners/333935142/1663067807","https://pbs.twimg.com/profile_images/1569623053696483329/XYdHAoqK_normal.jpg","false","WilliamsRuto","false","18652","","none","https://t.co/X1EgXc8I5w","0","false","Government","","","Our condolences to Hon. Naomi Waqo for the loss of her dear sister Sarah Darmi Halkano.

She was kind, focussed and hardworking businesswoman. 

We honour the life that Sarah led and the many memories that she leaves with us. 

May God grant comfort to her husband Martin,… https://t.co/xCdjji62Jq"
"false","Tue Jul 12 09:42:26 +0000 2011","false","false","President of The Republic of Kenya.","president.go.ke","http://www.president.go.ke","0","23","https://t.co/X1EgXc8I5w","0","144","false","false","6836355","false","271","false","0","333935142","true","false","1369","Kenya","13300","William Samoei Ruto, PhD","6836355","false","https://pbs.twimg.com/profile_banners/333935142/1663067807","https://pbs.twimg.com/profile_images/1569623053696483329/XYdHAoqK_normal.jpg","false","WilliamsRuto","false","18652","","none","https://t.co/X1EgXc8I5w","0","false","Government","","","EAC Inter - Parliamentary Games, Mombasa County. https://t.co/lMBaIz79iN"
"false","Tue Jul 12 09:42:26 +0000 2011","false","false","President of The Republic of Kenya.","president.go.ke","http://www.president.go.ke","0","23","https://t.co/X1EgXc8I5w","0","144","false","false","6836355","false","271","false","0","333935142","true","false","1369","Kenya","13300","William Samoei Ruto, PhD","6836355","false","https://pbs.twimg.com/profile_banners/333935142/1663067807","https://pbs.twimg.com/profile_images/1569623053696483329/XYdHAoqK_normal.jpg","false","WilliamsRuto","false","18652","","none","https://t.co/X1EgXc8I5w","0","false","Government","","","There lies immense value in digital transformation. The digitisation of Government services, for instance, has streamlined public service delivery, checked corruption and furthered transparency.

We will keep tapping into sustainable, ground-breaking and human-centred technology… https://t.co/2S8OuC1CX5"
"false","Tue Jul 12 09:42:26 +0000 2011","false","false","President of The Republic of Kenya.","president.go.ke","http://www.president.go.ke","0","23","https://t.co/X1EgXc8I5w","0","144","false","false","6836355","false","271","false","0","333935142","true","false","1369","Kenya","13300","William Samoei Ruto, PhD","6836355","false","https://pbs.twimg.com/profile_banners/333935142/1663067807","https://pbs.twimg.com/profile_images/1569623053696483329/XYdHAoqK_normal.jpg","false","WilliamsRuto","false","18652","","none","https://t.co/X1EgXc8I5w","0","false","Government","","","Launch of the Pan-African Greentech Hub – Timbuktoo, Konza Technopolis, Machakos. https://t.co/QM6otmzH4D"
"false","Tue Jul 12 09:42:26 +0000 2011","false","false","President of The Republic of Kenya.","president.go.ke","http://www.president.go.ke","0","23","https://t.co/X1EgXc8I5w","0","144","false","false","6836355","false","271","false","0","333935142","true","false","1369","Kenya","13300","William Samoei Ruto, PhD","6836355","false","https://pbs.twimg.com/profile_banners/333935142/1663067807","https://pbs.twimg.com/profile_images/1569623053696483329/XYdHAoqK_normal.jpg","false","WilliamsRuto","false","18652","","none","https://t.co/X1EgXc8I5w","0","false","Government","","","Launch of the Pan-African Greentech Hub – Timbuktoo, Konza Technopolis, Machakos. https://t.co/wJfwJgsrcf"
"false","Tue Jul 12 09:42:26 +0000 2011","false","false","President of The Republic of Kenya.","president.go.ke","http://www.president.go.ke","0","23","https://t.co/X1EgXc8I5w","0","144","false","false","6836355","false","271","false","0","333935142","true","false","1369","Kenya","13300","William Samoei Ruto, PhD","6836355","false","https://pbs.twimg.com/profile_banners/333935142/1663067807","https://pbs.twimg.com/profile_images/1569623053696483329/XYdHAoqK_normal.jpg","false","WilliamsRuto","false","18652","","none","https://t.co/X1EgXc8I5w","0","false","Government","","","Universities play a central role in shaping visionaries and servant leaders.  

The Government will continue supporting higher education to thrive and be accessible to all for our country’s prosperity.  

At the Scott Christian University in Machakos County for the graduation… https://t.co/AZUGSLtlO6"
"false","Tue Jul 12 09:42:26 +0000 2011","false","false","President of The Republic of Kenya.","president.go.ke","http://www.president.go.ke","0","23","https://t.co/X1EgXc8I5w","0","144","false","false","6836355","false","271","false","0","333935142","true","false","1369","Kenya","13300","William Samoei Ruto, PhD","6836355","false","https://pbs.twimg.com/profile_banners/333935142/1663067807","https://pbs.twimg.com/profile_images/1569623053696483329/XYdHAoqK_normal.jpg","false","WilliamsRuto","false","18652","","none","https://t.co/X1EgXc8I5w","0","false","Government","","","Graduation ceremony of Scott Christian University, Machakos County. https://t.co/MzQH8yszSR"
"false","Tue Jul 12 09:42:26 +0000 2011","false","false","President of The Republic of Kenya.","president.go.ke","http://www.president.go.ke","0","23","https://t.co/X1EgXc8I5w","0","144","false","false","6836355","false","271","false","0","333935142","true","false","1369","Kenya","13300","William Samoei Ruto, PhD","6836355","false","https://pbs.twimg.com/profile_banners/333935142/1663067807","https://pbs.twimg.com/profile_images/1569623053696483329/XYdHAoqK_normal.jpg","false","WilliamsRuto","false","18652","","none","https://t.co/X1EgXc8I5w","0","false","Government","","","The Kilifi County International Investment Conference is evidence enough that counties are emerging as drivers of our socio-economic transformation.

To build on the momentum, we are setting up flagship Export Processing Zones in Busia, Eldoret, Murang’a and Kirinyaga, which are… https://t.co/sTGBE0bLXt"
"false","Tue Jul 12 09:42:26 +0000 2011","false","false","President of The Republic of Kenya.","president.go.ke","http://www.president.go.ke","0","23","https://t.co/X1EgXc8I5w","0","144","false","false","6836355","false","271","false","0","333935142","true","false","1369","Kenya","13300","William Samoei Ruto, PhD","6836355","false","https://pbs.twimg.com/profile_banners/333935142/1663067807","https://pbs.twimg.com/profile_images/1569623053696483329/XYdHAoqK_normal.jpg","false","WilliamsRuto","false","18652","","none","https://t.co/X1EgXc8I5w","0","false","Government","","","Kilifi International Investment Conference, Vipingo Ridge. https://t.co/5fNQJ9BAyO"
"false","Tue Jul 12 09:42:26 +0000 2011","false","false","President of The Republic of Kenya.","president.go.ke","http://www.president.go.ke","0","23","https://t.co/X1EgXc8I5w","0","144","false","false","6836355","false","271","false","0","333935142","true","false","1369","Kenya","13300","William Samoei Ruto, PhD","6836355","false","https://pbs.twimg.com/profile_banners/333935142/1663067807","https://pbs.twimg.com/profile_images/1569623053696483329/XYdHAoqK_normal.jpg","false","WilliamsRuto","false","18652","","none","https://t.co/X1EgXc8I5w","0","false","Government","","","Congratulations Your Excellency Netumbo Nandi-Ndaitwah on your election as the fifth President of the Republic of Namibia.

Your election as Namibia's first woman President - and the fourth ever elected woman President in Africa - is a powerful reminder to the people of our… https://t.co/Ir2YugzEMj"
"false","Tue Jul 12 09:42:26 +0000 2011","false","false","President of The Republic of Kenya.","president.go.ke","http://www.president.go.ke","0","23","https://t.co/X1EgXc8I5w","0","144","false","false","6836355","false","271","false","0","333935142","true","false","1369","Kenya","13300","William Samoei Ruto, PhD","6836355","false","https://pbs.twimg.com/profile_banners/333935142/1663067807","https://pbs.twimg.com/profile_images/1569623053696483329/XYdHAoqK_normal.jpg","false","WilliamsRuto","false","18652","","none","https://t.co/X1EgXc8I5w","0","false","Government","","","At State House, Nairobi, received credentials from newly-appointed diplomats to Kenya.

They are Moravia Peralta Hernandez (Venezuela), Alfred Musemuna (Zambia), Vsevolod Tkachenko (Russia), Hiroshi Matsuura (Japan), Sahak Sargsyan (Armenia) and Andris Razans (Latvia). https://t.co/QVib6y3BUP"
"false","Tue Jul 12 09:42:26 +0000 2011","false","false","President of The Republic of Kenya.","president.go.ke","http://www.president.go.ke","0","23","https://t.co/X1EgXc8I5w","0","144","false","false","6836355","false","271","false","0","333935142","true","false","1369","Kenya","13300","William Samoei Ruto, PhD","6836355","false","https://pbs.twimg.com/profile_banners/333935142/1663067807","https://pbs.twimg.com/profile_images/1569623053696483329/XYdHAoqK_normal.jpg","false","WilliamsRuto","false","18652","","none","https://t.co/X1EgXc8I5w","0","false","Government","","","Kenya will steadily engage with other countries — widening and consolidating its global diplomatic networks — geared towards our shared aspirations.

Our warm and solid ties with foreign partners will effectively promote economic growth, enhance peace and stability, and further… https://t.co/wSyusRisVG"
"false","Tue Jul 12 09:42:26 +0000 2011","false","false","President of The Republic of Kenya.","president.go.ke","http://www.president.go.ke","0","23","https://t.co/X1EgXc8I5w","0","144","false","false","6836355","false","271","false","0","333935142","true","false","1369","Kenya","13300","William Samoei Ruto, PhD","6836355","false","https://pbs.twimg.com/profile_banners/333935142/1663067807","https://pbs.twimg.com/profile_images/1569623053696483329/XYdHAoqK_normal.jpg","false","WilliamsRuto","false","18652","","none","https://t.co/X1EgXc8I5w","0","false","Government","","","Assented to the Division of Revenue (Amendment) Bill, 2024, the Rating Bill 2022, and the Water (Amendment) Bill, 2024, State House Nairobi.

The Division of Revenue (Amendment) Act, 2024,  provides KSh387 billion as equitable share of revenue to counties for the financial year… https://t.co/mMVHRbK2uu"
"false","Thu Sep 19 18:12:03 +0000 2013","true","false","Writing is my raison d'etre

To Be Able To Think, You Must Risk Being Offensive,- Jordan. B. Peterson",,,,,,"0","51644","false","false","354525","false","1038","false","0","1883969677","true","false","96","Nairobi, Kenya. ","2232","Maverick Aoko","354525","false","https://pbs.twimg.com/profile_banners/1883969677/1601985906","https://pbs.twimg.com/profile_images/1798499466904834048/zSk8Q8so_normal.jpg","false","AokoOtieno_","false","15841","","none","","0","false",,"","","#STATEMENT

The Jurisprudence of Punishment, whether enforced by the State, Parents or Institutions- Is never out of Hate

It's Meant as a Deterrent and Rehabilitation 

However, Punishment should be a consequence of an iniquity, a crime... In tandem with the deed

But when a… https://t.co/DEorjHJorS"
"false","Thu Sep 19 18:12:03 +0000 2013","true","false","Writing is my raison d'etre

To Be Able To Think, You Must Risk Being Offensive,- Jordan. B. Peterson",,,,,,"0","51644","false","false","354525","false","1038","false","0","1883969677","true","false","96","Nairobi, Kenya. ","2232","Maverick Aoko","354525","false","https://pbs.twimg.com/profile_banners/1883969677/1601985906","https://pbs.twimg.com/profile_images/1798499466904834048/zSk8Q8so_normal.jpg","false","AokoOtieno_","false","15841","","none","","0","false",,"","","Hello Kenyans,

The person who's been posting on my account has/had my unreserved permission and that of my Family

Your mistrust is justified, the skepticism is valid given we are dealing with a fiendish regime that knows no bounds

I however assure you, they got me but not my… https://t.co/Z7uPFwokpc"
"false","Thu Sep 19 18:12:03 +0000 2013","true","false","Writing is my raison d'etre

To Be Able To Think, You Must Risk Being Offensive,- Jordan. B. Peterson",,,,,,"0","51644","false","false","354525","false","1038","false","0","1883969677","true","false","96","Nairobi, Kenya. ","2232","Maverick Aoko","354525","false","https://pbs.twimg.com/profile_banners/1883969677/1601985906","https://pbs.twimg.com/profile_images/1798499466904834048/zSk8Q8so_normal.jpg","false","AokoOtieno_","false","15841","","none","","0","false",,"","","I'm back!

Tonight I just want to sleep. 

I THANK And Love you beyond words 

Kesho. Kesho...Kesho!!! https://t.co/5bNEMLDlTC"
"false","Thu Sep 19 18:12:03 +0000 2013","true","false","Writing is my raison d'etre

To Be Able To Think, You Must Risk Being Offensive,- Jordan. B. Peterson",,,,,,"0","51644","false","false","354525","false","1038","false","0","1883969677","true","false","96","Nairobi, Kenya. ","2232","Maverick Aoko","354525","false","https://pbs.twimg.com/profile_banners/1883969677/1601985906","https://pbs.twimg.com/profile_images/1798499466904834048/zSk8Q8so_normal.jpg","false","AokoOtieno_","false","15841","","none","","0","false",,"","","He's called a press briefing to THREATEN us?

He should just Die..."
"false","Thu Sep 19 18:12:03 +0000 2013","true","false","Writing is my raison d'etre

To Be Able To Think, You Must Risk Being Offensive,- Jordan. B. Peterson",,,,,,"0","51644","false","false","354525","false","1038","false","0","1883969677","true","false","96","Nairobi, Kenya. ","2232","Maverick Aoko","354525","false","https://pbs.twimg.com/profile_banners/1883969677/1601985906","https://pbs.twimg.com/profile_images/1798499466904834048/zSk8Q8so_normal.jpg","false","AokoOtieno_","false","15841","","none","","0","false",,"","","Mercy Tarus was refunded FULL by Uasin Gishu county

Na interest juu 

She's the only one who was refunded, that's why haendi kortini as witness

Instead of fighting for other victims of Finland and job scams

She's fighting over slogan ya*Kenya is Home*

Simple minded tweeps"
"false","Thu Sep 19 18:12:03 +0000 2013","true","false","Writing is my raison d'etre

To Be Able To Think, You Must Risk Being Offensive,- Jordan. B. Peterson",,,,,,"0","51644","false","false","354525","false","1038","false","0","1883969677","true","false","96","Nairobi, Kenya. ","2232","Maverick Aoko","354525","false","https://pbs.twimg.com/profile_banners/1883969677/1601985906","https://pbs.twimg.com/profile_images/1798499466904834048/zSk8Q8so_normal.jpg","false","AokoOtieno_","false","15841","","none","","0","false",,"","","Kumbe Amerix got into their payroll kitambo 

Let him deny it nitoe evidence kwa kalatas 

Ati... ""Bath with cold water, Cabbage juice cures ulcers...Unfat""

Ni sawa, he has knowledge anyone with basic KMTC would have,

Lakini kupewa peanuts to support Ruto sio poa. Amechoma"
"false","Thu Sep 19 18:12:03 +0000 2013","true","false","Writing is my raison d'etre

To Be Able To Think, You Must Risk Being Offensive,- Jordan. B. Peterson",,,,,,"0","51644","false","false","354525","false","1038","false","0","1883969677","true","false","96","Nairobi, Kenya. ","2232","Maverick Aoko","354525","false","https://pbs.twimg.com/profile_banners/1883969677/1601985906","https://pbs.twimg.com/profile_images/1798499466904834048/zSk8Q8so_normal.jpg","false","AokoOtieno_","false","15841","","none","","0","false",,"","","Some of the Yes MPs have gone to sleep at Weston.

They're afraid of sleeping in their homes

Wamepewa hadi Jeshi kuwa guard

Waishi huko milele b'coz it's on Sight

Total War. Thursday we're on

Let him kill us!

#ReleaseOguda"
"false","Thu Sep 19 18:12:03 +0000 2013","true","false","Writing is my raison d'etre

To Be Able To Think, You Must Risk Being Offensive,- Jordan. B. Peterson",,,,,,"0","51644","false","false","354525","false","1038","false","0","1883969677","true","false","96","Nairobi, Kenya. ","2232","Maverick Aoko","354525","false","https://pbs.twimg.com/profile_banners/1883969677/1601985906","https://pbs.twimg.com/profile_images/1798499466904834048/zSk8Q8so_normal.jpg","false","AokoOtieno_","false","15841","","none","","0","false",,"","","Update: She's Been Found at the kenyan Tanzania border. Her family was called from a hospital.
She was taken there by an unidentified person who said they found her outside their Gate .
Don't know much at the moment, but the Father is on his way there. Will keep you updated.…"
"false","Thu Sep 19 18:12:03 +0000 2013","true","false","Writing is my raison d'etre

To Be Able To Think, You Must Risk Being Offensive,- Jordan. B. Peterson",,,,,,"0","51644","false","false","354525","false","1038","false","0","1883969677","true","false","96","Nairobi, Kenya. ","2232","Maverick Aoko","354525","false","https://pbs.twimg.com/profile_banners/1883969677/1601985906","https://pbs.twimg.com/profile_images/1798499466904834048/zSk8Q8so_normal.jpg","false","AokoOtieno_","false","15841","","none","","0","false",,"","","Safaricom ilipea DCI my exact location 

Nilitolewa bed Na panty 

@elonmusk , bring that Effing Star link

We are Tayad!!"
"false","Thu Sep 19 18:12:03 +0000 2013","true","false","Writing is my raison d'etre

To Be Able To Think, You Must Risk Being Offensive,- Jordan. B. Peterson",,,,,,"0","51644","false","false","354525","false","1038","false","0","1883969677","true","false","96","Nairobi, Kenya. ","2232","Maverick Aoko","354525","false","https://pbs.twimg.com/profile_banners/1883969677/1601985906","https://pbs.twimg.com/profile_images/1798499466904834048/zSk8Q8so_normal.jpg","false","AokoOtieno_","false","15841","","none","","0","false",,"","","You are Goated, My Lady 

Unbought. Unbossed!! 

God knew na hii Sirkal ya Kamagut hooligans,

We needed a resolute LSK chair with your mettle, ken and empathy 

Faith Odhiambo to the world 🌹

Here is your bouquet 💐 in the land of the living 💖 https://t.co/ntHXxMKVK1"
"false","Thu Sep 19 18:12:03 +0000 2013","true","false","Writing is my raison d'etre

To Be Able To Think, You Must Risk Being Offensive,- Jordan. B. Peterson",,,,,,"0","51644","false","false","354525","false","1038","false","0","1883969677","true","false","96","Nairobi, Kenya. ","2232","Maverick Aoko","354525","false","https://pbs.twimg.com/profile_banners/1883969677/1601985906","https://pbs.twimg.com/profile_images/1798499466904834048/zSk8Q8so_normal.jpg","false","AokoOtieno_","false","15841","","none","","0","false",,"","","Hi, this is Aoko's  aide. I'm tweeting using her account with the blessings of her dad.After her arrest, she opted to stay with family upcountry only going to Nairobi for meetings &amp; Court. Two weeks ago, upon  her return to Nairobi, she found  her main door clobbered at the…"
"false","Thu Sep 19 18:12:03 +0000 2013","true","false","Writing is my raison d'etre

To Be Able To Think, You Must Risk Being Offensive,- Jordan. B. Peterson",,,,,,"0","51644","false","false","354525","false","1038","false","0","1883969677","true","false","96","Nairobi, Kenya. ","2232","Maverick Aoko","354525","false","https://pbs.twimg.com/profile_banners/1883969677/1601985906","https://pbs.twimg.com/profile_images/1798499466904834048/zSk8Q8so_normal.jpg","false","AokoOtieno_","false","15841","","none","","0","false",,"","","I remarked and iterated that you'd have to wait until I'm in the bastion of my birth, 

Barricaded in the safety of my kin before I give you a ""habeas corpus"" photo...There you go! 

I had to deactivate briefly b'coz I got exasperated telling you it was me!

As much as I… https://t.co/xksC9DbyGQ"
"false","Thu Sep 19 18:12:03 +0000 2013","true","false","Writing is my raison d'etre

To Be Able To Think, You Must Risk Being Offensive,- Jordan. B. Peterson",,,,,,"0","51644","false","false","354525","false","1038","false","0","1883969677","true","false","96","Nairobi, Kenya. ","2232","Maverick Aoko","354525","false","https://pbs.twimg.com/profile_banners/1883969677/1601985906","https://pbs.twimg.com/profile_images/1798499466904834048/zSk8Q8so_normal.jpg","false","AokoOtieno_","false","15841","","none","","0","false",,"","","Mudavadi is to take over Interior 

Wetangula goes to Foreign Affairs 

Otiende Amollo becomes speaker of National Assembly

Mambo ndio hiyo wadau... Haloo"
"false","Thu Sep 19 18:12:03 +0000 2013","true","false","Writing is my raison d'etre

To Be Able To Think, You Must Risk Being Offensive,- Jordan. B. Peterson",,,,,,"0","51644","false","false","354525","false","1038","false","0","1883969677","true","false","96","Nairobi, Kenya. ","2232","Maverick Aoko","354525","false","https://pbs.twimg.com/profile_banners/1883969677/1601985906","https://pbs.twimg.com/profile_images/1798499466904834048/zSk8Q8so_normal.jpg","false","AokoOtieno_","false","15841","","none","","0","false",,"","","Can we please appreciate the boda rider who rescued Bruce

Abarikiwe

Imagine after raping him, wakamweka kwa Gunia to suffocate to Death 

Mtu wa bike saw something writhing kwa gunia, kumbe ni binadamu

Halafu huyo Gavana msenge ako ku release one stupid statement 

Shoga yeye"
"false","Thu Sep 19 18:12:03 +0000 2013","true","false","Writing is my raison d'etre

To Be Able To Think, You Must Risk Being Offensive,- Jordan. B. Peterson",,,,,,"0","51644","false","false","354525","false","1038","false","0","1883969677","true","false","96","Nairobi, Kenya. ","2232","Maverick Aoko","354525","false","https://pbs.twimg.com/profile_banners/1883969677/1601985906","https://pbs.twimg.com/profile_images/1798499466904834048/zSk8Q8so_normal.jpg","false","AokoOtieno_","false","15841","","none","","0","false",,"","","Son of Farouq killed himself 

Suicide! Mungu hakuli Sugoi 

Mnataka tea?"
"false","Thu Sep 19 18:12:03 +0000 2013","true","false","Writing is my raison d'etre

To Be Able To Think, You Must Risk Being Offensive,- Jordan. B. Peterson",,,,,,"0","51644","false","false","354525","false","1038","false","0","1883969677","true","false","96","Nairobi, Kenya. ","2232","Maverick Aoko","354525","false","https://pbs.twimg.com/profile_banners/1883969677/1601985906","https://pbs.twimg.com/profile_images/1798499466904834048/zSk8Q8so_normal.jpg","false","AokoOtieno_","false","15841","","none","","0","false",,"","","Kuna shamba Ole Morompi, Trans mara

WsR is building for Bibi mdogo a mansion kama ya Sugoi 

Chopper pad et al 

Drama there should be in Tyler Perry studios

Fundi wanakuja, Rael anapata intel 

Lands in chopper, everything is disbanded. Everyone goes home 

Nirudishe cell bas https://t.co/tLx0JLjulv"
"false","Thu Sep 19 18:12:03 +0000 2013","true","false","Writing is my raison d'etre

To Be Able To Think, You Must Risk Being Offensive,- Jordan. B. Peterson",,,,,,"0","51644","false","false","354525","false","1038","false","0","1883969677","true","false","96","Nairobi, Kenya. ","2232","Maverick Aoko","354525","false","https://pbs.twimg.com/profile_banners/1883969677/1601985906","https://pbs.twimg.com/profile_images/1798499466904834048/zSk8Q8so_normal.jpg","false","AokoOtieno_","false","15841","","none","","0","false",,"","","Those of us who are poverty stricken citizens...We will associate with our poor candidate 

We are behind ""This Man Omtatah"" https://t.co/Dtc7FABRtH"
"false","Thu Sep 19 18:12:03 +0000 2013","true","false","Writing is my raison d'etre

To Be Able To Think, You Must Risk Being Offensive,- Jordan. B. Peterson",,,,,,"0","51644","false","false","354525","false","1038","false","0","1883969677","true","false","96","Nairobi, Kenya. ","2232","Maverick Aoko","354525","false","https://pbs.twimg.com/profile_banners/1883969677/1601985906","https://pbs.twimg.com/profile_images/1798499466904834048/zSk8Q8so_normal.jpg","false","AokoOtieno_","false","15841","","none","","0","false",,"","","Raila is losing AUC 🤣

Mumeona news? Djibouti guy is winning! 

Aki I've never been this happy. Today I must grab gin hata quarter 

God of Shadrack and Abednego 

Raila will Never win anything as long as God is still God!

Damu za watu sio Maji. Asante Mungu 🫶🚶"
"false","Thu Sep 19 18:12:03 +0000 2013","true","false","Writing is my raison d'etre

To Be Able To Think, You Must Risk Being Offensive,- Jordan. B. Peterson",,,,,,"0","51644","false","false","354525","false","1038","false","0","1883969677","true","false","96","Nairobi, Kenya. ","2232","Maverick Aoko","354525","false","https://pbs.twimg.com/profile_banners/1883969677/1601985906","https://pbs.twimg.com/profile_images/1798499466904834048/zSk8Q8so_normal.jpg","false","AokoOtieno_","false","15841","","none","","0","false",,"","","Ruto has a baby girl called SORAYA 

Lives with the mother Karen. Four bedroom KCB corner 

7 years old"
"false","Thu Sep 19 18:12:03 +0000 2013","true","false","Writing is my raison d'etre

To Be Able To Think, You Must Risk Being Offensive,- Jordan. B. Peterson",,,,,,"0","51644","false","false","354525","false","1038","false","0","1883969677","true","false","96","Nairobi, Kenya. ","2232","Maverick Aoko","354525","false","https://pbs.twimg.com/profile_banners/1883969677/1601985906","https://pbs.twimg.com/profile_images/1798499466904834048/zSk8Q8so_normal.jpg","false","AokoOtieno_","false","15841","","none","","0","false",,"","","I told you Kasmuel was bought kitambo... Just go to my tweets, utaipata

Bring the tweet uweke hapa 

I always deliver my messages in a very timely manner. Niliwaambia

He's now a mole, vitu mnapanga Gen Z, anapeleka

Wale tumebaki uncompromised hii X, ni Wachache

Heartbreaking"
"false","Sun Apr 27 14:16:27 +0000 2014","false","false","Untold Yarns of a poignant Veteran =||= Director & HomeSecurity consultant at Keensight security","Keensight.co.ke","http://Keensight.co.ke","0","23","https://t.co/nGCx9ZUdQE","0","259238","false","false","220439","false","392","false","0","2512738893","true","false","89","BEFORE THE HIGHEST STREET","7057","MethoDman","220439","false","https://pbs.twimg.com/profile_banners/2512738893/1732281736","https://pbs.twimg.com/profile_images/1651228312855822343/YC6gWrdA_normal.jpg","false","polo_kimanii","false","150776","","none","https://t.co/nGCx9ZUdQE","0","false",,"","","This is year Has been good if you ask me,

Recently finished this project in Narok,10 acres fencing 

Budget around 1.2Million,huku wezi labda waingie na chopper because even

 Elephants fear this  electric Fence https://t.co/djQ2K5nXiI"
"false","Sun Apr 27 14:16:27 +0000 2014","false","false","Untold Yarns of a poignant Veteran =||= Director & HomeSecurity consultant at Keensight security","Keensight.co.ke","http://Keensight.co.ke","0","23","https://t.co/nGCx9ZUdQE","0","259238","false","false","220439","false","392","false","0","2512738893","true","false","89","BEFORE THE HIGHEST STREET","7057","MethoDman","220439","false","https://pbs.twimg.com/profile_banners/2512738893/1732281736","https://pbs.twimg.com/profile_images/1651228312855822343/YC6gWrdA_normal.jpg","false","polo_kimanii","false","150776","","none","https://t.co/nGCx9ZUdQE","0","false",,"","","Dem yako anaitwa Imani,
Ndio maana wewe hujiita a man of faith,
Nkikidhani alitoka thika juu her ass is thicker,
Na Masaa ya ngono Ukimuuliza anaishi wapi atasema egypt juu cairo ako ndani yake,
With that said,nipatie hii gari,uendelee kumdrive crazy"
"false","Sun Apr 27 14:16:27 +0000 2014","false","false","Untold Yarns of a poignant Veteran =||= Director & HomeSecurity consultant at Keensight security","Keensight.co.ke","http://Keensight.co.ke","0","23","https://t.co/nGCx9ZUdQE","0","259238","false","false","220439","false","392","false","0","2512738893","true","false","89","BEFORE THE HIGHEST STREET","7057","MethoDman","220439","false","https://pbs.twimg.com/profile_banners/2512738893/1732281736","https://pbs.twimg.com/profile_images/1651228312855822343/YC6gWrdA_normal.jpg","false","polo_kimanii","false","150776","","none","https://t.co/nGCx9ZUdQE","0","false",,"","","Should we now Officially shift to #RutoMustGo ?"
"false","Sun Apr 27 14:16:27 +0000 2014","false","false","Untold Yarns of a poignant Veteran =||= Director & HomeSecurity consultant at Keensight security","Keensight.co.ke","http://Keensight.co.ke","0","23","https://t.co/nGCx9ZUdQE","0","259238","false","false","220439","false","392","false","0","2512738893","true","false","89","BEFORE THE HIGHEST STREET","7057","MethoDman","220439","false","https://pbs.twimg.com/profile_banners/2512738893/1732281736","https://pbs.twimg.com/profile_images/1651228312855822343/YC6gWrdA_normal.jpg","false","polo_kimanii","false","150776","","none","https://t.co/nGCx9ZUdQE","0","false",,"","","Shout out to these LSK lawyers for doing a veery clean job,I know i tweet alot of bullshit but im Actually grateful to everyone who reached out and those who participated in #FreePoloKimani,aki nilidhani mmenisahao,Umahabusu sio mcheso,wacha nilie kwanza https://t.co/7Ev6vhbDAe"
"false","Sun Apr 27 14:16:27 +0000 2014","false","false","Untold Yarns of a poignant Veteran =||= Director & HomeSecurity consultant at Keensight security","Keensight.co.ke","http://Keensight.co.ke","0","23","https://t.co/nGCx9ZUdQE","0","259238","false","false","220439","false","392","false","0","2512738893","true","false","89","BEFORE THE HIGHEST STREET","7057","MethoDman","220439","false","https://pbs.twimg.com/profile_banners/2512738893/1732281736","https://pbs.twimg.com/profile_images/1651228312855822343/YC6gWrdA_normal.jpg","false","polo_kimanii","false","150776","","none","https://t.co/nGCx9ZUdQE","0","false",,"","","Just confirmed that the Unit involved in Yesternights massacre in githurai is GSU Recce Squad and not KDF,Tomorrow you have nothing to worry about,as i am aware the Kdf are also tired of this regime so they have just decided to stay on the fence in the meantime,Kdf are with us"
"false","Sun Apr 27 14:16:27 +0000 2014","false","false","Untold Yarns of a poignant Veteran =||= Director & HomeSecurity consultant at Keensight security","Keensight.co.ke","http://Keensight.co.ke","0","23","https://t.co/nGCx9ZUdQE","0","259238","false","false","220439","false","392","false","0","2512738893","true","false","89","BEFORE THE HIGHEST STREET","7057","MethoDman","220439","false","https://pbs.twimg.com/profile_banners/2512738893/1732281736","https://pbs.twimg.com/profile_images/1651228312855822343/YC6gWrdA_normal.jpg","false","polo_kimanii","false","150776","","none","https://t.co/nGCx9ZUdQE","0","false",,"","","Ive been arrested , https://t.co/KLTZlWdoII"
"false","Sun Apr 27 14:16:27 +0000 2014","false","false","Untold Yarns of a poignant Veteran =||= Director & HomeSecurity consultant at Keensight security","Keensight.co.ke","http://Keensight.co.ke","0","23","https://t.co/nGCx9ZUdQE","0","259238","false","false","220439","false","392","false","0","2512738893","true","false","89","BEFORE THE HIGHEST STREET","7057","MethoDman","220439","false","https://pbs.twimg.com/profile_banners/2512738893/1732281736","https://pbs.twimg.com/profile_images/1651228312855822343/YC6gWrdA_normal.jpg","false","polo_kimanii","false","150776","","none","https://t.co/nGCx9ZUdQE","0","false",,"","","They are now fabricating charges,my charge sheet says im being charged with being drunk and disorderly,Aki mama yangu i haven't touched alcohol in 5 years,Twende drug test"
"false","Sun Apr 27 14:16:27 +0000 2014","false","false","Untold Yarns of a poignant Veteran =||= Director & HomeSecurity consultant at Keensight security","Keensight.co.ke","http://Keensight.co.ke","0","23","https://t.co/nGCx9ZUdQE","0","259238","false","false","220439","false","392","false","0","2512738893","true","false","89","BEFORE THE HIGHEST STREET","7057","MethoDman","220439","false","https://pbs.twimg.com/profile_banners/2512738893/1732281736","https://pbs.twimg.com/profile_images/1651228312855822343/YC6gWrdA_normal.jpg","false","polo_kimanii","false","150776","","none","https://t.co/nGCx9ZUdQE","0","false",,"","","I Am NOT IN DANGER WAZEE,I AM THE DANGER!! Tupatane ground

#RejectFinanceBill2024"
"false","Sun Apr 27 14:16:27 +0000 2014","false","false","Untold Yarns of a poignant Veteran =||= Director & HomeSecurity consultant at Keensight security","Keensight.co.ke","http://Keensight.co.ke","0","23","https://t.co/nGCx9ZUdQE","0","259238","false","false","220439","false","392","false","0","2512738893","true","false","89","BEFORE THE HIGHEST STREET","7057","MethoDman","220439","false","https://pbs.twimg.com/profile_banners/2512738893/1732281736","https://pbs.twimg.com/profile_images/1651228312855822343/YC6gWrdA_normal.jpg","false","polo_kimanii","false","150776","","none","https://t.co/nGCx9ZUdQE","0","false",,"","","IF MORARA IS NOT RELEASED THERE WILL BE NO BUSINESS IN NAIROBI TOMORROW and THE DAY AFTER TOMORROW. We have had enough of this impunity 

#FreeMoraraKebaso"
"false","Sun Apr 27 14:16:27 +0000 2014","false","false","Untold Yarns of a poignant Veteran =||= Director & HomeSecurity consultant at Keensight security","Keensight.co.ke","http://Keensight.co.ke","0","23","https://t.co/nGCx9ZUdQE","0","259238","false","false","220439","false","392","false","0","2512738893","true","false","89","BEFORE THE HIGHEST STREET","7057","MethoDman","220439","false","https://pbs.twimg.com/profile_banners/2512738893/1732281736","https://pbs.twimg.com/profile_images/1651228312855822343/YC6gWrdA_normal.jpg","false","polo_kimanii","false","150776","","none","https://t.co/nGCx9ZUdQE","0","false",,"","","We are in CBD 13:12PM. #OccupyJKIA https://t.co/hkdnf72wm1"
"false","Sun Apr 27 14:16:27 +0000 2014","false","false","Untold Yarns of a poignant Veteran =||= Director & HomeSecurity consultant at Keensight security","Keensight.co.ke","http://Keensight.co.ke","0","23","https://t.co/nGCx9ZUdQE","0","259238","false","false","220439","false","392","false","0","2512738893","true","false","89","BEFORE THE HIGHEST STREET","7057","MethoDman","220439","false","https://pbs.twimg.com/profile_banners/2512738893/1732281736","https://pbs.twimg.com/profile_images/1651228312855822343/YC6gWrdA_normal.jpg","false","polo_kimanii","false","150776","","none","https://t.co/nGCx9ZUdQE","0","false",,"","","Kulala kwa simiti sio mcheso,ilifika saa saba pale central ikabidi wanaume tumeeka homophobia kando tukajipanga kama miti ya kiberiti ndio tuekane joto,yani zinga ya Jonte iko kwa rasa yako naye pia amehandwa nyuma na zinga ya Collo,Hapo ungejaribu erection ngumi zingetembea aki"
"false","Sun Apr 27 14:16:27 +0000 2014","false","false","Untold Yarns of a poignant Veteran =||= Director & HomeSecurity consultant at Keensight security","Keensight.co.ke","http://Keensight.co.ke","0","23","https://t.co/nGCx9ZUdQE","0","259238","false","false","220439","false","392","false","0","2512738893","true","false","89","BEFORE THE HIGHEST STREET","7057","MethoDman","220439","false","https://pbs.twimg.com/profile_banners/2512738893/1732281736","https://pbs.twimg.com/profile_images/1651228312855822343/YC6gWrdA_normal.jpg","false","polo_kimanii","false","150776","","none","https://t.co/nGCx9ZUdQE","0","false",,"","","Khaligraph jones and Octopizzo Have performed on the same stage because of Ruto,akiamungu hii hii ni maajabu"
"false","Sun Apr 27 14:16:27 +0000 2014","false","false","Untold Yarns of a poignant Veteran =||= Director & HomeSecurity consultant at Keensight security","Keensight.co.ke","http://Keensight.co.ke","0","23","https://t.co/nGCx9ZUdQE","0","259238","false","false","220439","false","392","false","0","2512738893","true","false","89","BEFORE THE HIGHEST STREET","7057","MethoDman","220439","false","https://pbs.twimg.com/profile_banners/2512738893/1732281736","https://pbs.twimg.com/profile_images/1651228312855822343/YC6gWrdA_normal.jpg","false","polo_kimanii","false","150776","","none","https://t.co/nGCx9ZUdQE","0","false",,"","","This is no longer about the FinanceBill brothers,This is about Bad Governance that we are Totally rejecting"
"false","Sun Apr 27 14:16:27 +0000 2014","false","false","Untold Yarns of a poignant Veteran =||= Director & HomeSecurity consultant at Keensight security","Keensight.co.ke","http://Keensight.co.ke","0","23","https://t.co/nGCx9ZUdQE","0","259238","false","false","220439","false","392","false","0","2512738893","true","false","89","BEFORE THE HIGHEST STREET","7057","MethoDman","220439","false","https://pbs.twimg.com/profile_banners/2512738893/1732281736","https://pbs.twimg.com/profile_images/1651228312855822343/YC6gWrdA_normal.jpg","false","polo_kimanii","false","150776","","none","https://t.co/nGCx9ZUdQE","0","false",,"","","Niko hali mbaya saidi,Im told they're taking us to City hall ,NOT YET UHURU!"
"false","Sun Apr 27 14:16:27 +0000 2014","false","false","Untold Yarns of a poignant Veteran =||= Director & HomeSecurity consultant at Keensight security","Keensight.co.ke","http://Keensight.co.ke","0","23","https://t.co/nGCx9ZUdQE","0","259238","false","false","220439","false","392","false","0","2512738893","true","false","89","BEFORE THE HIGHEST STREET","7057","MethoDman","220439","false","https://pbs.twimg.com/profile_banners/2512738893/1732281736","https://pbs.twimg.com/profile_images/1651228312855822343/YC6gWrdA_normal.jpg","false","polo_kimanii","false","150776","","none","https://t.co/nGCx9ZUdQE","0","false",,"","","Wazeee This is now serious,Nobody asked for mkate nusu,We need to bring this country to a stand still NOW!!!"
"false","Sun Apr 27 14:16:27 +0000 2014","false","false","Untold Yarns of a poignant Veteran =||= Director & HomeSecurity consultant at Keensight security","Keensight.co.ke","http://Keensight.co.ke","0","23","https://t.co/nGCx9ZUdQE","0","259238","false","false","220439","false","392","false","0","2512738893","true","false","89","BEFORE THE HIGHEST STREET","7057","MethoDman","220439","false","https://pbs.twimg.com/profile_banners/2512738893/1732281736","https://pbs.twimg.com/profile_images/1651228312855822343/YC6gWrdA_normal.jpg","false","polo_kimanii","false","150776","","none","https://t.co/nGCx9ZUdQE","0","false",,"","","Anyone around Archives right now please take a photo of that woman walking around with a poster written ""Crude Oil in Machakos"" Tafadhali"
"false","Sun Apr 27 14:16:27 +0000 2014","false","false","Untold Yarns of a poignant Veteran =||= Director & HomeSecurity consultant at Keensight security","Keensight.co.ke","http://Keensight.co.ke","0","23","https://t.co/nGCx9ZUdQE","0","259238","false","false","220439","false","392","false","0","2512738893","true","false","89","BEFORE THE HIGHEST STREET","7057","MethoDman","220439","false","https://pbs.twimg.com/profile_banners/2512738893/1732281736","https://pbs.twimg.com/profile_images/1651228312855822343/YC6gWrdA_normal.jpg","false","polo_kimanii","false","150776","","none","https://t.co/nGCx9ZUdQE","0","false",,"","","Nisawa Ruto You have withdrawn,Lakini akiamungu we are not allowing you to act on our behalf with your crooks anymore,We have made up our minds,just go home to your cows,Out Ne ja!"
"false","Sun Apr 27 14:16:27 +0000 2014","false","false","Untold Yarns of a poignant Veteran =||= Director & HomeSecurity consultant at Keensight security","Keensight.co.ke","http://Keensight.co.ke","0","23","https://t.co/nGCx9ZUdQE","0","259238","false","false","220439","false","392","false","0","2512738893","true","false","89","BEFORE THE HIGHEST STREET","7057","MethoDman","220439","false","https://pbs.twimg.com/profile_banners/2512738893/1732281736","https://pbs.twimg.com/profile_images/1651228312855822343/YC6gWrdA_normal.jpg","false","polo_kimanii","false","150776","","none","https://t.co/nGCx9ZUdQE","0","false",,"","","Wametutoa City hall tena,send loyas https://t.co/8VwvGp6zcX"
"false","Sun Apr 27 14:16:27 +0000 2014","false","false","Untold Yarns of a poignant Veteran =||= Director & HomeSecurity consultant at Keensight security","Keensight.co.ke","http://Keensight.co.ke","0","23","https://t.co/nGCx9ZUdQE","0","259238","false","false","220439","false","392","false","0","2512738893","true","false","89","BEFORE THE HIGHEST STREET","7057","MethoDman","220439","false","https://pbs.twimg.com/profile_banners/2512738893/1732281736","https://pbs.twimg.com/profile_images/1651228312855822343/YC6gWrdA_normal.jpg","false","polo_kimanii","false","150776","","none","https://t.co/nGCx9ZUdQE","0","false",,"","","Now this is the killer cops payslip buana,Unless he recieves other funds offshorely,hii sio pesa ya kuulia mtu bana #RutoMustGo https://t.co/oUBQOZ5b2o"
"false","Sun Apr 27 14:16:27 +0000 2014","false","false","Untold Yarns of a poignant Veteran =||= Director & HomeSecurity consultant at Keensight security","Keensight.co.ke","http://Keensight.co.ke","0","23","https://t.co/nGCx9ZUdQE","0","259238","false","false","220439","false","392","false","0","2512738893","true","false","89","BEFORE THE HIGHEST STREET","7057","MethoDman","220439","false","https://pbs.twimg.com/profile_banners/2512738893/1732281736","https://pbs.twimg.com/profile_images/1651228312855822343/YC6gWrdA_normal.jpg","false","polo_kimanii","false","150776","","none","https://t.co/nGCx9ZUdQE","0","false",,"","","Decisions are not made on Twitter,Amkeni twende peaceful protest yetu🫡"
"false","Sun Apr 27 20:36:54 +0000 2014","false","false","Senator Narok County Official Account.","naroksenate.co.ke","http://www.naroksenate.co.ke","0","23","https://t.co/E7FSJecWa8","0","13608","false","false","1753152","false","2953","false","0","2466645955","true","false","268","Narok, Kenya","1390","Sen. Ledama Olekina","1753152","false","https://pbs.twimg.com/profile_banners/2466645955/1687985670","https://pbs.twimg.com/profile_images/1528838860653973504/Mpqgq-Ay_normal.jpg","false","ledamalekina","false","7903","","none","https://t.co/E7FSJecWa8","0","false",,"","","I will kick IMF and the  World Bank out of Kenya in the near future … we can build our own economy on our own … we don’t need their loans https://t.co/yvbv3Nc1YE"
"false","Sun Apr 27 20:36:54 +0000 2014","false","false","Senator Narok County Official Account.","naroksenate.co.ke","http://www.naroksenate.co.ke","0","23","https://t.co/E7FSJecWa8","0","13608","false","false","1753152","false","2953","false","0","2466645955","true","false","268","Narok, Kenya","1390","Sen. Ledama Olekina","1753152","false","https://pbs.twimg.com/profile_banners/2466645955/1687985670","https://pbs.twimg.com/profile_images/1528838860653973504/Mpqgq-Ay_normal.jpg","false","ledamalekina","false","7903","","none","https://t.co/E7FSJecWa8","0","false",,"","","You extend curfew hours ? increased taxes , opened schools and you expect parents to afford ? What the hell are you smoking ?"
"false","Sun Apr 27 20:36:54 +0000 2014","false","false","Senator Narok County Official Account.","naroksenate.co.ke","http://www.naroksenate.co.ke","0","23","https://t.co/E7FSJecWa8","0","13608","false","false","1753152","false","2953","false","0","2466645955","true","false","268","Narok, Kenya","1390","Sen. Ledama Olekina","1753152","false","https://pbs.twimg.com/profile_banners/2466645955/1687985670","https://pbs.twimg.com/profile_images/1528838860653973504/Mpqgq-Ay_normal.jpg","false","ledamalekina","false","7903","","none","https://t.co/E7FSJecWa8","0","false",,"","","This is when you don’t ask anymore … you simply take a joint and get high!!! Maryjane where are you ???"
"false","Sun Apr 27 20:36:54 +0000 2014","false","false","Senator Narok County Official Account.","naroksenate.co.ke","http://www.naroksenate.co.ke","0","23","https://t.co/E7FSJecWa8","0","13608","false","false","1753152","false","2953","false","0","2466645955","true","false","268","Narok, Kenya","1390","Sen. Ledama Olekina","1753152","false","https://pbs.twimg.com/profile_banners/2466645955/1687985670","https://pbs.twimg.com/profile_images/1528838860653973504/Mpqgq-Ay_normal.jpg","false","ledamalekina","false","7903","","none","https://t.co/E7FSJecWa8","0","false",,"","","Wake up and get to work no politician will feed you…"
"false","Sun Apr 27 20:36:54 +0000 2014","false","false","Senator Narok County Official Account.","naroksenate.co.ke","http://www.naroksenate.co.ke","0","23","https://t.co/E7FSJecWa8","0","13608","false","false","1753152","false","2953","false","0","2466645955","true","false","268","Narok, Kenya","1390","Sen. Ledama Olekina","1753152","false","https://pbs.twimg.com/profile_banners/2466645955/1687985670","https://pbs.twimg.com/profile_images/1528838860653973504/Mpqgq-Ay_normal.jpg","false","ledamalekina","false","7903","","none","https://t.co/E7FSJecWa8","0","false",,"","","What the KK Government are unable to explain! Listen and learn👂 mad respect ✊ a future finance minister of Kenya … https://t.co/FJOTRGBxA2"
"false","Sun Apr 27 20:36:54 +0000 2014","false","false","Senator Narok County Official Account.","naroksenate.co.ke","http://www.naroksenate.co.ke","0","23","https://t.co/E7FSJecWa8","0","13608","false","false","1753152","false","2953","false","0","2466645955","true","false","268","Narok, Kenya","1390","Sen. Ledama Olekina","1753152","false","https://pbs.twimg.com/profile_banners/2466645955/1687985670","https://pbs.twimg.com/profile_images/1528838860653973504/Mpqgq-Ay_normal.jpg","false","ledamalekina","false","7903","","none","https://t.co/E7FSJecWa8","0","false",,"","","Mad respect for Generation Z"
"false","Sun Apr 27 20:36:54 +0000 2014","false","false","Senator Narok County Official Account.","naroksenate.co.ke","http://www.naroksenate.co.ke","0","23","https://t.co/E7FSJecWa8","0","13608","false","false","1753152","false","2953","false","0","2466645955","true","false","268","Narok, Kenya","1390","Sen. Ledama Olekina","1753152","false","https://pbs.twimg.com/profile_banners/2466645955/1687985670","https://pbs.twimg.com/profile_images/1528838860653973504/Mpqgq-Ay_normal.jpg","false","ledamalekina","false","7903","","none","https://t.co/E7FSJecWa8","0","false",,"","","You have betrayed Kenya @WilliamsRuto!"
"false","Sun Apr 27 20:36:54 +0000 2014","false","false","Senator Narok County Official Account.","naroksenate.co.ke","http://www.naroksenate.co.ke","0","23","https://t.co/E7FSJecWa8","0","13608","false","false","1753152","false","2953","false","0","2466645955","true","false","268","Narok, Kenya","1390","Sen. Ledama Olekina","1753152","false","https://pbs.twimg.com/profile_banners/2466645955/1687985670","https://pbs.twimg.com/profile_images/1528838860653973504/Mpqgq-Ay_normal.jpg","false","ledamalekina","false","7903","","none","https://t.co/E7FSJecWa8","0","false",,"","","Accuse me of failing but I will never allow you to accuse me of not trying …. We did our best … now let the official opposition begins I am in and will do my job diligently. Twende Kazi …"
"false","Sun Apr 27 20:36:54 +0000 2014","false","false","Senator Narok County Official Account.","naroksenate.co.ke","http://www.naroksenate.co.ke","0","23","https://t.co/E7FSJecWa8","0","13608","false","false","1753152","false","2953","false","0","2466645955","true","false","268","Narok, Kenya","1390","Sen. Ledama Olekina","1753152","false","https://pbs.twimg.com/profile_banners/2466645955/1687985670","https://pbs.twimg.com/profile_images/1528838860653973504/Mpqgq-Ay_normal.jpg","false","ledamalekina","false","7903","","none","https://t.co/E7FSJecWa8","0","false",,"","","Thank you Narok County for your true love! THANK YOU VERY much for shaming people like @MigunaMiguna @ahmednasirlaw and re- electing me as your Senator ! I Love you so much!!!"
"false","Sun Apr 27 20:36:54 +0000 2014","false","false","Senator Narok County Official Account.","naroksenate.co.ke","http://www.naroksenate.co.ke","0","23","https://t.co/E7FSJecWa8","0","13608","false","false","1753152","false","2953","false","0","2466645955","true","false","268","Narok, Kenya","1390","Sen. Ledama Olekina","1753152","false","https://pbs.twimg.com/profile_banners/2466645955/1687985670","https://pbs.twimg.com/profile_images/1528838860653973504/Mpqgq-Ay_normal.jpg","false","ledamalekina","false","7903","","none","https://t.co/E7FSJecWa8","0","false",,"","","Men love breasts!"
"false","Sun Apr 27 20:36:54 +0000 2014","false","false","Senator Narok County Official Account.","naroksenate.co.ke","http://www.naroksenate.co.ke","0","23","https://t.co/E7FSJecWa8","0","13608","false","false","1753152","false","2953","false","0","2466645955","true","false","268","Narok, Kenya","1390","Sen. Ledama Olekina","1753152","false","https://pbs.twimg.com/profile_banners/2466645955/1687985670","https://pbs.twimg.com/profile_images/1528838860653973504/Mpqgq-Ay_normal.jpg","false","ledamalekina","false","7903","","none","https://t.co/E7FSJecWa8","0","false",,"","","CNN , BBC , Aljazeera all talking about the mess in Kenya. A total own goal Mr. President @WilliamsRuto , the tourist cancellation my dear lord! …"
"false","Sun Apr 27 20:36:54 +0000 2014","false","false","Senator Narok County Official Account.","naroksenate.co.ke","http://www.naroksenate.co.ke","0","23","https://t.co/E7FSJecWa8","0","13608","false","false","1753152","false","2953","false","0","2466645955","true","false","268","Narok, Kenya","1390","Sen. Ledama Olekina","1753152","false","https://pbs.twimg.com/profile_banners/2466645955/1687985670","https://pbs.twimg.com/profile_images/1528838860653973504/Mpqgq-Ay_normal.jpg","false","ledamalekina","false","7903","","none","https://t.co/E7FSJecWa8","0","false",,"","","We must allow the Gen Z to show us the way forward we have failed as leaders … we are corrupt and self centered … if we don’t the apocalypse is here …"
"false","Sun Apr 27 20:36:54 +0000 2014","false","false","Senator Narok County Official Account.","naroksenate.co.ke","http://www.naroksenate.co.ke","0","23","https://t.co/E7FSJecWa8","0","13608","false","false","1753152","false","2953","false","0","2466645955","true","false","268","Narok, Kenya","1390","Sen. Ledama Olekina","1753152","false","https://pbs.twimg.com/profile_banners/2466645955/1687985670","https://pbs.twimg.com/profile_images/1528838860653973504/Mpqgq-Ay_normal.jpg","false","ledamalekina","false","7903","","none","https://t.co/E7FSJecWa8","0","false",,"","","What we are witnessing now is definitely the beginning of a bloody civil war - kikuyu Vs Kikuyu not good at all. https://t.co/ZIyQZyrD2v"
"false","Sun Apr 27 20:36:54 +0000 2014","false","false","Senator Narok County Official Account.","naroksenate.co.ke","http://www.naroksenate.co.ke","0","23","https://t.co/E7FSJecWa8","0","13608","false","false","1753152","false","2953","false","0","2466645955","true","false","268","Narok, Kenya","1390","Sen. Ledama Olekina","1753152","false","https://pbs.twimg.com/profile_banners/2466645955/1687985670","https://pbs.twimg.com/profile_images/1528838860653973504/Mpqgq-Ay_normal.jpg","false","ledamalekina","false","7903","","none","https://t.co/E7FSJecWa8","0","false",,"","","Only a mad man needs to be convinced otherwise! It’s time for change! The people have spoken!"
"false","Sun Apr 27 20:36:54 +0000 2014","false","false","Senator Narok County Official Account.","naroksenate.co.ke","http://www.naroksenate.co.ke","0","23","https://t.co/E7FSJecWa8","0","13608","false","false","1753152","false","2953","false","0","2466645955","true","false","268","Narok, Kenya","1390","Sen. Ledama Olekina","1753152","false","https://pbs.twimg.com/profile_banners/2466645955/1687985670","https://pbs.twimg.com/profile_images/1528838860653973504/Mpqgq-Ay_normal.jpg","false","ledamalekina","false","7903","","none","https://t.co/E7FSJecWa8","0","false",,"","","My sister @Lesuuda you are the pride of the Maa Nation. I celebrate you and thank you for standing strong to be counted. You voted NO today to save our lands and territories and preserve Kenya for future generations . The Gen Zs appreciate your courage. https://t.co/Wq80Lvlvhd"
"false","Sun Apr 27 20:36:54 +0000 2014","false","false","Senator Narok County Official Account.","naroksenate.co.ke","http://www.naroksenate.co.ke","0","23","https://t.co/E7FSJecWa8","0","13608","false","false","1753152","false","2953","false","0","2466645955","true","false","268","Narok, Kenya","1390","Sen. Ledama Olekina","1753152","false","https://pbs.twimg.com/profile_banners/2466645955/1687985670","https://pbs.twimg.com/profile_images/1528838860653973504/Mpqgq-Ay_normal.jpg","false","ledamalekina","false","7903","","none","https://t.co/E7FSJecWa8","0","false",,"","","I was brutally assaulted by @WilliamsRuto supporters most of them elected members of parliament at Bomas of Kenya shouting kill him kill him.The GSU protected me otherwise I would have been killed. Thank you @NPSOfficial_KE I am grateful to everyone who has called to check on me!"
"false","Sun Apr 27 20:36:54 +0000 2014","false","false","Senator Narok County Official Account.","naroksenate.co.ke","http://www.naroksenate.co.ke","0","23","https://t.co/E7FSJecWa8","0","13608","false","false","1753152","false","2953","false","0","2466645955","true","false","268","Narok, Kenya","1390","Sen. Ledama Olekina","1753152","false","https://pbs.twimg.com/profile_banners/2466645955/1687985670","https://pbs.twimg.com/profile_images/1528838860653973504/Mpqgq-Ay_normal.jpg","false","ledamalekina","false","7903","","none","https://t.co/E7FSJecWa8","0","false",,"","","Which side are you on? I am with Gen Zs  …come with me … it’s time!"
"false","Sun Apr 27 20:36:54 +0000 2014","false","false","Senator Narok County Official Account.","naroksenate.co.ke","http://www.naroksenate.co.ke","0","23","https://t.co/E7FSJecWa8","0","13608","false","false","1753152","false","2953","false","0","2466645955","true","false","268","Narok, Kenya","1390","Sen. Ledama Olekina","1753152","false","https://pbs.twimg.com/profile_banners/2466645955/1687985670","https://pbs.twimg.com/profile_images/1528838860653973504/Mpqgq-Ay_normal.jpg","false","ledamalekina","false","7903","","none","https://t.co/E7FSJecWa8","0","false",,"","","Chebukati don’t burn this country …."
"false","Sun Apr 27 20:36:54 +0000 2014","false","false","Senator Narok County Official Account.","naroksenate.co.ke","http://www.naroksenate.co.ke","0","23","https://t.co/E7FSJecWa8","0","13608","false","false","1753152","false","2953","false","0","2466645955","true","false","268","Narok, Kenya","1390","Sen. Ledama Olekina","1753152","false","https://pbs.twimg.com/profile_banners/2466645955/1687985670","https://pbs.twimg.com/profile_images/1528838860653973504/Mpqgq-Ay_normal.jpg","false","ledamalekina","false","7903","","none","https://t.co/E7FSJecWa8","0","false",,"","","I love the way reverse psychology works! So now there will be a round table between the state and the Gen Zs to discuss about the finance bill instead of simply scrapping it! Sisi si wajinga! Let the members of parliament do their job without being remotely controlled and…"
"false","Sun Apr 27 20:36:54 +0000 2014","false","false","Senator Narok County Official Account.","naroksenate.co.ke","http://www.naroksenate.co.ke","0","23","https://t.co/E7FSJecWa8","0","13608","false","false","1753152","false","2953","false","0","2466645955","true","false","268","Narok, Kenya","1390","Sen. Ledama Olekina","1753152","false","https://pbs.twimg.com/profile_banners/2466645955/1687985670","https://pbs.twimg.com/profile_images/1528838860653973504/Mpqgq-Ay_normal.jpg","false","ledamalekina","false","7903","","none","https://t.co/E7FSJecWa8","0","false",,"","","60% of KK MPs switching camps to independent- everyone for himself God for us all… kimewaramba"
"false","Wed Jul 06 10:58:55 +0000 2011","false","false","Here we go! © fabrizio.romano93@gmail.com 📩","m.youtube.com/@FabrizioRoman…","https://m.youtube.com/@FabrizioRomanoYT","0","23","https://t.co/btxI8gbc2z","0","11585","false","false","22894145","false","2603","false","0","330262748","true","false","27959","Milano, Italia","28775","Fabrizio Romano","22894145","false","https://pbs.twimg.com/profile_banners/330262748/1635957145","https://pbs.twimg.com/profile_images/1741753635158024192/j0m8Ucvv_normal.jpg","false","FabrizioRomano","false","52270","","none","https://t.co/btxI8gbc2z","0","false",,"","","🚨🔴 Understand Manchester United made good progress with Amad Diallo’s new contract in recent weeks!

United are working to get new long term deal done before the end of 2024… even before activating club clause to extend current deal until 2026.

Amad, key for club and Amorim. https://t.co/uzPiCmohI0"
"false","Wed Jul 06 10:58:55 +0000 2011","false","false","Here we go! © fabrizio.romano93@gmail.com 📩","m.youtube.com/@FabrizioRoman…","https://m.youtube.com/@FabrizioRomanoYT","0","23","https://t.co/btxI8gbc2z","0","11585","false","false","22894145","false","2603","false","0","330262748","true","false","27959","Milano, Italia","28775","Fabrizio Romano","22894145","false","https://pbs.twimg.com/profile_banners/330262748/1635957145","https://pbs.twimg.com/profile_images/1741753635158024192/j0m8Ucvv_normal.jpg","false","FabrizioRomano","false","52270","","none","https://t.co/btxI8gbc2z","0","false",,"","","🚨⚪️ Kylian Mbappé to Real Madrid, HERE WE GO! Every document has been signed, sealed and completed.

Real Madrid, set to announce Mbappé as new signing next week after winning the Champions League.

Mbappé made his decision in February; he can now be considered new Real player. https://t.co/MMqEp1C0pK"
"false","Wed Jul 06 10:58:55 +0000 2011","false","false","Here we go! © fabrizio.romano93@gmail.com 📩","m.youtube.com/@FabrizioRoman…","https://m.youtube.com/@FabrizioRomanoYT","0","23","https://t.co/btxI8gbc2z","0","11585","false","false","22894145","false","2603","false","0","330262748","true","false","27959","Milano, Italia","28775","Fabrizio Romano","22894145","false","https://pbs.twimg.com/profile_banners/330262748/1635957145","https://pbs.twimg.com/profile_images/1741753635158024192/j0m8Ucvv_normal.jpg","false","FabrizioRomano","false","52270","","none","https://t.co/btxI8gbc2z","0","false",,"","","Cristiano Ronaldo to Manchester United: HERE WE GO! Done deal between Juventus and Man United on permanent move. Cristiano has accepted the contract proposal from Manchester United and he’s coming back. 🔴🇵🇹 #MUFC #Ronaldo

Medical to be scheduled soon.
CR7 IS BACK. Here we go. https://t.co/WXfs3p6GFK"
"false","Wed Jul 06 10:58:55 +0000 2011","false","false","Here we go! © fabrizio.romano93@gmail.com 📩","m.youtube.com/@FabrizioRoman…","https://m.youtube.com/@FabrizioRomanoYT","0","23","https://t.co/btxI8gbc2z","0","11585","false","false","22894145","false","2603","false","0","330262748","true","false","27959","Milano, Italia","28775","Fabrizio Romano","22894145","false","https://pbs.twimg.com/profile_banners/330262748/1635957145","https://pbs.twimg.com/profile_images/1741753635158024192/j0m8Ucvv_normal.jpg","false","FabrizioRomano","false","52270","","none","https://t.co/btxI8gbc2z","0","false",,"","","Brazilian legend Pelé has passed away at 82, one of the greatest of all time who changed the game.

A man with a god-given talent, one of the names who will remain forever in the memory.

All thoughts with the family.

RIP, legend 🕊️ https://t.co/xxndio7gmM"
"false","Wed Jul 06 10:58:55 +0000 2011","false","false","Here we go! © fabrizio.romano93@gmail.com 📩","m.youtube.com/@FabrizioRoman…","https://m.youtube.com/@FabrizioRomanoYT","0","23","https://t.co/btxI8gbc2z","0","11585","false","false","22894145","false","2603","false","0","330262748","true","false","27959","Milano, Italia","28775","Fabrizio Romano","22894145","false","https://pbs.twimg.com/profile_banners/330262748/1635957145","https://pbs.twimg.com/profile_images/1741753635158024192/j0m8Ucvv_normal.jpg","false","FabrizioRomano","false","52270","","none","https://t.co/btxI8gbc2z","0","false",,"","","Historical day for MLS. 🇺🇸🇦🇷

🎥 @MLS https://t.co/CR1YAy159o"
"false","Wed Jul 06 10:58:55 +0000 2011","false","false","Here we go! © fabrizio.romano93@gmail.com 📩","m.youtube.com/@FabrizioRoman…","https://m.youtube.com/@FabrizioRomanoYT","0","23","https://t.co/btxI8gbc2z","0","11585","false","false","22894145","false","2603","false","0","330262748","true","false","27959","Milano, Italia","28775","Fabrizio Romano","22894145","false","https://pbs.twimg.com/profile_banners/330262748/1635957145","https://pbs.twimg.com/profile_images/1741753635158024192/j0m8Ucvv_normal.jpg","false","FabrizioRomano","false","52270","","none","https://t.co/btxI8gbc2z","0","false",,"","","Harry Kane to FC Bayern, here we go! Deal completed between all parties as Kane has given final green light 🚨🔴

Tottenham to receive €100m fixed fee plus add-ons up to €20m package.

Kane will sign a four year deal, he’ll fly to Germany today.

Medical booked. Done deal. https://t.co/iervbXzkwt"
"false","Wed Jul 06 10:58:55 +0000 2011","false","false","Here we go! © fabrizio.romano93@gmail.com 📩","m.youtube.com/@FabrizioRoman…","https://m.youtube.com/@FabrizioRomanoYT","0","23","https://t.co/btxI8gbc2z","0","11585","false","false","22894145","false","2603","false","0","330262748","true","false","27959","Milano, Italia","28775","Fabrizio Romano","22894145","false","https://pbs.twimg.com/profile_banners/330262748/1635957145","https://pbs.twimg.com/profile_images/1741753635158024192/j0m8Ucvv_normal.jpg","false","FabrizioRomano","false","52270","","none","https://t.co/btxI8gbc2z","0","false",,"","","🚨 BREAKING: Zlatan Ibrahimović has now decided to retire from professional football with immediate effect.

Incredible player, incredible icon. 🦁👋🏻 https://t.co/UwtqwsyUcZ"
"false","Wed Jul 06 10:58:55 +0000 2011","false","false","Here we go! © fabrizio.romano93@gmail.com 📩","m.youtube.com/@FabrizioRoman…","https://m.youtube.com/@FabrizioRomanoYT","0","23","https://t.co/btxI8gbc2z","0","11585","false","false","22894145","false","2603","false","0","330262748","true","false","27959","Milano, Italia","28775","Fabrizio Romano","22894145","false","https://pbs.twimg.com/profile_banners/330262748/1635957145","https://pbs.twimg.com/profile_images/1741753635158024192/j0m8Ucvv_normal.jpg","false","FabrizioRomano","false","52270","","none","https://t.co/btxI8gbc2z","0","false",,"","","🥲✨ I’m not crying, you’re crying!

Toni Kroos leaves Real Madrid.
Marco Reus leaves Borussia Dortmund.

Legends. 🎩 https://t.co/F6eq7nenis"
"false","Wed Jul 06 10:58:55 +0000 2011","false","false","Here we go! © fabrizio.romano93@gmail.com 📩","m.youtube.com/@FabrizioRoman…","https://m.youtube.com/@FabrizioRomanoYT","0","23","https://t.co/btxI8gbc2z","0","11585","false","false","22894145","false","2603","false","0","330262748","true","false","27959","Milano, Italia","28775","Fabrizio Romano","22894145","false","https://pbs.twimg.com/profile_banners/330262748/1635957145","https://pbs.twimg.com/profile_images/1741753635158024192/j0m8Ucvv_normal.jpg","false","FabrizioRomano","false","52270","","none","https://t.co/btxI8gbc2z","0","false",,"","","Casemiro to Man United, here we go! Real Madrid accepted all details of the bid, clubs preparing contracts right now. €60m fixed fee, €10m add-ons 🚨🔴🇧🇷 #MUFC

Casemiro has full agreement on four year deal, option until 2027.

Medical and then visa to be sorted during weekend. https://t.co/tiuAdkCR81"
"false","Wed Jul 06 10:58:55 +0000 2011","false","false","Here we go! © fabrizio.romano93@gmail.com 📩","m.youtube.com/@FabrizioRoman…","https://m.youtube.com/@FabrizioRomanoYT","0","23","https://t.co/btxI8gbc2z","0","11585","false","false","22894145","false","2603","false","0","330262748","true","false","27959","Milano, Italia","28775","Fabrizio Romano","22894145","false","https://pbs.twimg.com/profile_banners/330262748/1635957145","https://pbs.twimg.com/profile_images/1741753635158024192/j0m8Ucvv_normal.jpg","false","FabrizioRomano","false","52270","","none","https://t.co/btxI8gbc2z","0","false",,"","","Fútbol. https://t.co/114mA9NjxM"
"false","Wed Jul 06 10:58:55 +0000 2011","false","false","Here we go! © fabrizio.romano93@gmail.com 📩","m.youtube.com/@FabrizioRoman…","https://m.youtube.com/@FabrizioRomanoYT","0","23","https://t.co/btxI8gbc2z","0","11585","false","false","22894145","false","2603","false","0","330262748","true","false","27959","Milano, Italia","28775","Fabrizio Romano","22894145","false","https://pbs.twimg.com/profile_banners/330262748/1635957145","https://pbs.twimg.com/profile_images/1741753635158024192/j0m8Ucvv_normal.jpg","false","FabrizioRomano","false","52270","","none","https://t.co/btxI8gbc2z","0","false",,"","","Ilkay Gündogan to Barcelona, here we go! Final approval arrived on club side to register him as new signing, green light from the player. It’s done deal, signed few minutes ago. 🚨🔵🔴 #FCB

Gündogan has agreed a two year deal valid until June 2025 with option for further year. https://t.co/Gr467hNBms"
"false","Wed Jul 06 10:58:55 +0000 2011","false","false","Here we go! © fabrizio.romano93@gmail.com 📩","m.youtube.com/@FabrizioRoman…","https://m.youtube.com/@FabrizioRomanoYT","0","23","https://t.co/btxI8gbc2z","0","11585","false","false","22894145","false","2603","false","0","330262748","true","false","27959","Milano, Italia","28775","Fabrizio Romano","22894145","false","https://pbs.twimg.com/profile_banners/330262748/1635957145","https://pbs.twimg.com/profile_images/1741753635158024192/j0m8Ucvv_normal.jpg","false","FabrizioRomano","false","52270","","none","https://t.co/btxI8gbc2z","0","false",,"","","🚨🚨 BREAKING: Jurgen Klopp has decided to LEAVE Liverpool at the end of the season. https://t.co/jMlKg16hV3"
"false","Wed Jul 06 10:58:55 +0000 2011","false","false","Here we go! © fabrizio.romano93@gmail.com 📩","m.youtube.com/@FabrizioRoman…","https://m.youtube.com/@FabrizioRomanoYT","0","23","https://t.co/btxI8gbc2z","0","11585","false","false","22894145","false","2603","false","0","330262748","true","false","27959","Milano, Italia","28775","Fabrizio Romano","22894145","false","https://pbs.twimg.com/profile_banners/330262748/1635957145","https://pbs.twimg.com/profile_images/1741753635158024192/j0m8Ucvv_normal.jpg","false","FabrizioRomano","false","52270","","none","https://t.co/btxI8gbc2z","0","false",,"","","Robert Lewandowski to Barcelona, here we go! FC Bayern have just told Barça that they have accepted final proposal. Agreement finally in place between all parties. 🚨🔵🔴 #FCB

Lewandowski asked Bayern to leave also on Friday - he will jlin Barcelona during the weekend. 🇵🇱 https://t.co/nmodHuNscw"
"false","Wed Jul 06 10:58:55 +0000 2011","false","false","Here we go! © fabrizio.romano93@gmail.com 📩","m.youtube.com/@FabrizioRoman…","https://m.youtube.com/@FabrizioRomanoYT","0","23","https://t.co/btxI8gbc2z","0","11585","false","false","22894145","false","2603","false","0","330262748","true","false","27959","Milano, Italia","28775","Fabrizio Romano","22894145","false","https://pbs.twimg.com/profile_banners/330262748/1635957145","https://pbs.twimg.com/profile_images/1741753635158024192/j0m8Ucvv_normal.jpg","false","FabrizioRomano","false","52270","","none","https://t.co/btxI8gbc2z","0","false",,"","","Thanks for everything. 🤍🕊️ #Pele https://t.co/EItF8tGNWN"
"false","Wed Jul 06 10:58:55 +0000 2011","false","false","Here we go! © fabrizio.romano93@gmail.com 📩","m.youtube.com/@FabrizioRoman…","https://m.youtube.com/@FabrizioRomanoYT","0","23","https://t.co/btxI8gbc2z","0","11585","false","false","22894145","false","2603","false","0","330262748","true","false","27959","Milano, Italia","28775","Fabrizio Romano","22894145","false","https://pbs.twimg.com/profile_banners/330262748/1635957145","https://pbs.twimg.com/profile_images/1741753635158024192/j0m8Ucvv_normal.jpg","false","FabrizioRomano","false","52270","","none","https://t.co/btxI8gbc2z","0","false",,"","","🔴⚫️🏆 Bayer Leverkusen win the Bundesliga title for the FIRST time in their history!

74 goals scored, 19 goals conceded, ZERO defeats.

Insane job by Xabi Alonso and this group of fantastic players.

Congratulations, @bayer04fussball! ✨ https://t.co/CMHErGMKb2"
"false","Wed Jul 06 10:58:55 +0000 2011","false","false","Here we go! © fabrizio.romano93@gmail.com 📩","m.youtube.com/@FabrizioRoman…","https://m.youtube.com/@FabrizioRomanoYT","0","23","https://t.co/btxI8gbc2z","0","11585","false","false","22894145","false","2603","false","0","330262748","true","false","27959","Milano, Italia","28775","Fabrizio Romano","22894145","false","https://pbs.twimg.com/profile_banners/330262748/1635957145","https://pbs.twimg.com/profile_images/1741753635158024192/j0m8Ucvv_normal.jpg","false","FabrizioRomano","false","52270","","none","https://t.co/btxI8gbc2z","0","false",,"","","Antony to Manchester United, here we go! Agreement in principle with Ajax, €100m fee. Contract until June 2027 with option until 2028. To be signed tomorrow. 🚨🔴🇧🇷 #MUFC

Contracts being prepared, it’s Eredivisie historical record fee — Antony will be in Manchester next week. https://t.co/Wr9mUiX1Ud"
"false","Wed Jul 06 10:58:55 +0000 2011","false","false","Here we go! © fabrizio.romano93@gmail.com 📩","m.youtube.com/@FabrizioRoman…","https://m.youtube.com/@FabrizioRomanoYT","0","23","https://t.co/btxI8gbc2z","0","11585","false","false","22894145","false","2603","false","0","330262748","true","false","27959","Milano, Italia","28775","Fabrizio Romano","22894145","false","https://pbs.twimg.com/profile_banners/330262748/1635957145","https://pbs.twimg.com/profile_images/1741753635158024192/j0m8Ucvv_normal.jpg","false","FabrizioRomano","false","52270","","none","https://t.co/btxI8gbc2z","0","false",,"","","Neymar to Al Hilal, here we go! 🚨🔵🇸🇦

After new huge bid revealed two days ago, documents are now approved by all parties involved.

Ney will travel to Saudi this week.
Two year contract.
Number 🔟.

PSG set to receive bit less than €100m fee.

Medical to be completed today. https://t.co/R6zR5glroe"
"false","Wed Jul 06 10:58:55 +0000 2011","false","false","Here we go! © fabrizio.romano93@gmail.com 📩","m.youtube.com/@FabrizioRoman…","https://m.youtube.com/@FabrizioRomanoYT","0","23","https://t.co/btxI8gbc2z","0","11585","false","false","22894145","false","2603","false","0","330262748","true","false","27959","Milano, Italia","28775","Fabrizio Romano","22894145","false","https://pbs.twimg.com/profile_banners/330262748/1635957145","https://pbs.twimg.com/profile_images/1741753635158024192/j0m8Ucvv_normal.jpg","false","FabrizioRomano","false","52270","","none","https://t.co/btxI8gbc2z","0","false",,"","","…btw, Lewis Hamilton to Ferrari is here we go — agreed and confirmed 🫨🏴󠁧󠁢󠁥󠁮󠁧󠁿 https://t.co/lMcefMKHQj"
"false","Wed Jul 06 10:58:55 +0000 2011","false","false","Here we go! © fabrizio.romano93@gmail.com 📩","m.youtube.com/@FabrizioRoman…","https://m.youtube.com/@FabrizioRomanoYT","0","23","https://t.co/btxI8gbc2z","0","11585","false","false","22894145","false","2603","false","0","330262748","true","false","27959","Milano, Italia","28775","Fabrizio Romano","22894145","false","https://pbs.twimg.com/profile_banners/330262748/1635957145","https://pbs.twimg.com/profile_images/1741753635158024192/j0m8Ucvv_normal.jpg","false","FabrizioRomano","false","52270","","none","https://t.co/btxI8gbc2z","0","false",,"","","Signing of the summer. ⚪️💫 https://t.co/6cMMH1G7Mo"
"false","Wed Jul 06 10:58:55 +0000 2011","false","false","Here we go! © fabrizio.romano93@gmail.com 📩","m.youtube.com/@FabrizioRoman…","https://m.youtube.com/@FabrizioRomanoYT","0","23","https://t.co/btxI8gbc2z","0","11585","false","false","22894145","false","2603","false","0","330262748","true","false","27959","Milano, Italia","28775","Fabrizio Romano","22894145","false","https://pbs.twimg.com/profile_banners/330262748/1635957145","https://pbs.twimg.com/profile_images/1741753635158024192/j0m8Ucvv_normal.jpg","false","FabrizioRomano","false","52270","","none","https://t.co/btxI8gbc2z","0","false",,"","","Lionel Messi posting now 📸🥱 https://t.co/iazglBoqn5"
"false","Tue Jul 20 17:15:54 +0000 2021","true","false","Half man-Half amazing . Co-Founder/COO #SpaceYaMagari. @Tajiriwangu Ambassador alex@spaceyamagari.com",,,,,,"0","364101","false","false","180528","false","9143","false","0","1417533677936971779","true","false","90","Nairobi","10195","TurboDiesel","180528","false","https://pbs.twimg.com/profile_banners/1417533677936971779/1655665099","https://pbs.twimg.com/profile_images/1680293175175282688/3vdpO-FW_normal.jpg","false","alexmwanzo","false","143704","","none","","0","false",,"","","So mostly insurance claim is a pain. 
What if you could claim something like a windscreen by just whatsapping your insurer?
Well @BritamEA  promises to make insurance claim a breeze- like the have an express assesment service for minor accidents 
Hakuna kungoja 
I think that… https://t.co/6z78nSAjIw"
"false","Tue Jul 20 17:15:54 +0000 2021","true","false","Half man-Half amazing . Co-Founder/COO #SpaceYaMagari. @Tajiriwangu Ambassador alex@spaceyamagari.com",,,,,,"0","364101","false","false","180528","false","9143","false","0","1417533677936971779","true","false","90","Nairobi","10195","TurboDiesel","180528","false","https://pbs.twimg.com/profile_banners/1417533677936971779/1655665099","https://pbs.twimg.com/profile_images/1680293175175282688/3vdpO-FW_normal.jpg","false","alexmwanzo","false","143704","","none","","0","false",,"","","He has embarrased the entire political class tbh ."
"false","Tue Jul 20 17:15:54 +0000 2021","true","false","Half man-Half amazing . Co-Founder/COO #SpaceYaMagari. @Tajiriwangu Ambassador alex@spaceyamagari.com",,,,,,"0","364101","false","false","180528","false","9143","false","0","1417533677936971779","true","false","90","Nairobi","10195","TurboDiesel","180528","false","https://pbs.twimg.com/profile_banners/1417533677936971779/1655665099","https://pbs.twimg.com/profile_images/1680293175175282688/3vdpO-FW_normal.jpg","false","alexmwanzo","false","143704","","none","","0","false",,"","","Someone in githurai was shot 13 times 
There’s a video curculating here
There’s a child shot in the foot
There’s a mother shot as she was closing her vegetable shop
There’s someone who’s head was split and brains were in parliament road ( do you know what kind of round you’d need…"
"false","Tue Jul 20 17:15:54 +0000 2021","true","false","Half man-Half amazing . Co-Founder/COO #SpaceYaMagari. @Tajiriwangu Ambassador alex@spaceyamagari.com",,,,,,"0","364101","false","false","180528","false","9143","false","0","1417533677936971779","true","false","90","Nairobi","10195","TurboDiesel","180528","false","https://pbs.twimg.com/profile_banners/1417533677936971779/1655665099","https://pbs.twimg.com/profile_images/1680293175175282688/3vdpO-FW_normal.jpg","false","alexmwanzo","false","143704","","none","","0","false",,"","","Tommorrow we match for justice for the lives lost , for property lost"
"false","Tue Jul 20 17:15:54 +0000 2021","true","false","Half man-Half amazing . Co-Founder/COO #SpaceYaMagari. @Tajiriwangu Ambassador alex@spaceyamagari.com",,,,,,"0","364101","false","false","180528","false","9143","false","0","1417533677936971779","true","false","90","Nairobi","10195","TurboDiesel","180528","false","https://pbs.twimg.com/profile_banners/1417533677936971779/1655665099","https://pbs.twimg.com/profile_images/1680293175175282688/3vdpO-FW_normal.jpg","false","alexmwanzo","false","143704","","none","","0","false",,"","","There’s 5 major roads coming to CBD .
Msa road
Ngong road
Thika Road 
Waiyaki way
Jogoo road
200k people per road tommorrow at 10am would donjo maximumly. 
Zero destruction of property just a proper match"
"false","Tue Jul 20 17:15:54 +0000 2021","true","false","Half man-Half amazing . Co-Founder/COO #SpaceYaMagari. @Tajiriwangu Ambassador alex@spaceyamagari.com",,,,,,"0","364101","false","false","180528","false","9143","false","0","1417533677936971779","true","false","90","Nairobi","10195","TurboDiesel","180528","false","https://pbs.twimg.com/profile_banners/1417533677936971779/1655665099","https://pbs.twimg.com/profile_images/1680293175175282688/3vdpO-FW_normal.jpg","false","alexmwanzo","false","143704","","none","","0","false",,"","","I am going to Tuesdays protests because I want when I get sick I don’t have to take loans to pay for medicine
I want my kids to get decent public education at the nearest school 
I want to be able to setup a business easily that will be profitable"
"false","Tue Jul 20 17:15:54 +0000 2021","true","false","Half man-Half amazing . Co-Founder/COO #SpaceYaMagari. @Tajiriwangu Ambassador alex@spaceyamagari.com",,,,,,"0","364101","false","false","180528","false","9143","false","0","1417533677936971779","true","false","90","Nairobi","10195","TurboDiesel","180528","false","https://pbs.twimg.com/profile_banners/1417533677936971779/1655665099","https://pbs.twimg.com/profile_images/1680293175175282688/3vdpO-FW_normal.jpg","false","alexmwanzo","false","143704","","none","","0","false",,"","","ababu ameenda home after kusponsor hashtag ya let namwamba work. 
😂🤣🤣🤣🤣🤣🤣🤣"
"false","Tue Jul 20 17:15:54 +0000 2021","true","false","Half man-Half amazing . Co-Founder/COO #SpaceYaMagari. @Tajiriwangu Ambassador alex@spaceyamagari.com",,,,,,"0","364101","false","false","180528","false","9143","false","0","1417533677936971779","true","false","90","Nairobi","10195","TurboDiesel","180528","false","https://pbs.twimg.com/profile_banners/1417533677936971779/1655665099","https://pbs.twimg.com/profile_images/1680293175175282688/3vdpO-FW_normal.jpg","false","alexmwanzo","false","143704","","none","","0","false",,"","","Free Hanifa https://t.co/JQOaLYLwpr"
"false","Tue Jul 20 17:15:54 +0000 2021","true","false","Half man-Half amazing . Co-Founder/COO #SpaceYaMagari. @Tajiriwangu Ambassador alex@spaceyamagari.com",,,,,,"0","364101","false","false","180528","false","9143","false","0","1417533677936971779","true","false","90","Nairobi","10195","TurboDiesel","180528","false","https://pbs.twimg.com/profile_banners/1417533677936971779/1655665099","https://pbs.twimg.com/profile_images/1680293175175282688/3vdpO-FW_normal.jpg","false","alexmwanzo","false","143704","","none","","0","false",,"","","Rape me and I kid you not I’ll give myself 6 months to wait till you forget.
Then I start coming after you 
One by one 
By one
I’ll kill everything you’ve even ever said hi to"
"false","Tue Jul 20 17:15:54 +0000 2021","true","false","Half man-Half amazing . Co-Founder/COO #SpaceYaMagari. @Tajiriwangu Ambassador alex@spaceyamagari.com",,,,,,"0","364101","false","false","180528","false","9143","false","0","1417533677936971779","true","false","90","Nairobi","10195","TurboDiesel","180528","false","https://pbs.twimg.com/profile_banners/1417533677936971779/1655665099","https://pbs.twimg.com/profile_images/1680293175175282688/3vdpO-FW_normal.jpg","false","alexmwanzo","false","143704","","none","","0","false",,"","","Unrelated 
Riggy G looks like the kind of dad who will always get you out of trouble  and listen to you"
"false","Tue Jul 20 17:15:54 +0000 2021","true","false","Half man-Half amazing . Co-Founder/COO #SpaceYaMagari. @Tajiriwangu Ambassador alex@spaceyamagari.com",,,,,,"0","364101","false","false","180528","false","9143","false","0","1417533677936971779","true","false","90","Nairobi","10195","TurboDiesel","180528","false","https://pbs.twimg.com/profile_banners/1417533677936971779/1655665099","https://pbs.twimg.com/profile_images/1680293175175282688/3vdpO-FW_normal.jpg","false","alexmwanzo","false","143704","","none","","0","false",,"","","#RejectFinanceBill2024 https://t.co/MoBvauUkii"
"false","Tue Jul 20 17:15:54 +0000 2021","true","false","Half man-Half amazing . Co-Founder/COO #SpaceYaMagari. @Tajiriwangu Ambassador alex@spaceyamagari.com",,,,,,"0","364101","false","false","180528","false","9143","false","0","1417533677936971779","true","false","90","Nairobi","10195","TurboDiesel","180528","false","https://pbs.twimg.com/profile_banners/1417533677936971779/1655665099","https://pbs.twimg.com/profile_images/1680293175175282688/3vdpO-FW_normal.jpg","false","alexmwanzo","false","143704","","none","","0","false",,"","","Anyone who has ever eaten/misappropriated money meant for education,healthcare even a single cent should be hang by sunrise"
"false","Tue Jul 20 17:15:54 +0000 2021","true","false","Half man-Half amazing . Co-Founder/COO #SpaceYaMagari. @Tajiriwangu Ambassador alex@spaceyamagari.com",,,,,,"0","364101","false","false","180528","false","9143","false","0","1417533677936971779","true","false","90","Nairobi","10195","TurboDiesel","180528","false","https://pbs.twimg.com/profile_banners/1417533677936971779/1655665099","https://pbs.twimg.com/profile_images/1680293175175282688/3vdpO-FW_normal.jpg","false","alexmwanzo","false","143704","","none","","0","false",,"","","Ati that company in green apo kando ya njuguna’s imeenda CAK to sue Starlink 
😂😂😂😂"
"false","Tue Jul 20 17:15:54 +0000 2021","true","false","Half man-Half amazing . Co-Founder/COO #SpaceYaMagari. @Tajiriwangu Ambassador alex@spaceyamagari.com",,,,,,"0","364101","false","false","180528","false","9143","false","0","1417533677936971779","true","false","90","Nairobi","10195","TurboDiesel","180528","false","https://pbs.twimg.com/profile_banners/1417533677936971779/1655665099","https://pbs.twimg.com/profile_images/1680293175175282688/3vdpO-FW_normal.jpg","false","alexmwanzo","false","143704","","none","","0","false",,"","","Mnasema kesho tunakutana wapi!
I am VERY READY"
"false","Tue Jul 20 17:15:54 +0000 2021","true","false","Half man-Half amazing . Co-Founder/COO #SpaceYaMagari. @Tajiriwangu Ambassador alex@spaceyamagari.com",,,,,,"0","364101","false","false","180528","false","9143","false","0","1417533677936971779","true","false","90","Nairobi","10195","TurboDiesel","180528","false","https://pbs.twimg.com/profile_banners/1417533677936971779/1655665099","https://pbs.twimg.com/profile_images/1680293175175282688/3vdpO-FW_normal.jpg","false","alexmwanzo","false","143704","","none","","0","false",,"","","In all truth you have to be extremely horrible to have 20 years olds demonstrating 😂😂😂"
"false","Tue Jul 20 17:15:54 +0000 2021","true","false","Half man-Half amazing . Co-Founder/COO #SpaceYaMagari. @Tajiriwangu Ambassador alex@spaceyamagari.com",,,,,,"0","364101","false","false","180528","false","9143","false","0","1417533677936971779","true","false","90","Nairobi","10195","TurboDiesel","180528","false","https://pbs.twimg.com/profile_banners/1417533677936971779/1655665099","https://pbs.twimg.com/profile_images/1680293175175282688/3vdpO-FW_normal.jpg","false","alexmwanzo","false","143704","","none","","0","false",,"","","So java opened its doors for protesters but the catholic church closed their gates https://t.co/zqujaUDHYW"
"false","Tue Jul 20 17:15:54 +0000 2021","true","false","Half man-Half amazing . Co-Founder/COO #SpaceYaMagari. @Tajiriwangu Ambassador alex@spaceyamagari.com",,,,,,"0","364101","false","false","180528","false","9143","false","0","1417533677936971779","true","false","90","Nairobi","10195","TurboDiesel","180528","false","https://pbs.twimg.com/profile_banners/1417533677936971779/1655665099","https://pbs.twimg.com/profile_images/1680293175175282688/3vdpO-FW_normal.jpg","false","alexmwanzo","false","143704","","none","","0","false",,"","","A AK47 police standard issue has a magazine of 30 rounds 
A police offer dumped a third of those rounds into a 5 year old"
"false","Tue Jul 20 17:15:54 +0000 2021","true","false","Half man-Half amazing . Co-Founder/COO #SpaceYaMagari. @Tajiriwangu Ambassador alex@spaceyamagari.com",,,,,,"0","364101","false","false","180528","false","9143","false","0","1417533677936971779","true","false","90","Nairobi","10195","TurboDiesel","180528","false","https://pbs.twimg.com/profile_banners/1417533677936971779/1655665099","https://pbs.twimg.com/profile_images/1680293175175282688/3vdpO-FW_normal.jpg","false","alexmwanzo","false","143704","","none","","0","false",,"","","Kwani uyu msee anatoa wapi doh? 
Na kwani wengine hawapewi?"
"false","Tue Jul 20 17:15:54 +0000 2021","true","false","Half man-Half amazing . Co-Founder/COO #SpaceYaMagari. @Tajiriwangu Ambassador alex@spaceyamagari.com",,,,,,"0","364101","false","false","180528","false","9143","false","0","1417533677936971779","true","false","90","Nairobi","10195","TurboDiesel","180528","false","https://pbs.twimg.com/profile_banners/1417533677936971779/1655665099","https://pbs.twimg.com/profile_images/1680293175175282688/3vdpO-FW_normal.jpg","false","alexmwanzo","false","143704","","none","","0","false",,"","","Driving a 30m GR LC and a convoy of 8 other cars worth atleast 6m each to launch a mabati police station using a rough road to access it is the epitome of opium Bana 🤣🤣🤣"
"false","Tue Jul 20 17:15:54 +0000 2021","true","false","Half man-Half amazing . Co-Founder/COO #SpaceYaMagari. @Tajiriwangu Ambassador alex@spaceyamagari.com",,,,,,"0","364101","false","false","180528","false","9143","false","0","1417533677936971779","true","false","90","Nairobi","10195","TurboDiesel","180528","false","https://pbs.twimg.com/profile_banners/1417533677936971779/1655665099","https://pbs.twimg.com/profile_images/1680293175175282688/3vdpO-FW_normal.jpg","false","alexmwanzo","false","143704","","none","","0","false",,"","","5RTS I waste my weekend fact checking this"
